Song,Views
7월 7일 One Of These Nights (De-Capo Version),61789
7월 7일 One Of These Nights (Joe Millionaire Version),45119
7월 7일 One Of These Nights (Piano Version),95769
"<span class=""style-scope yt-formatted-string"" dir=""auto"">Red Velvet レッドベルベッド '</span><a class=""yt-simple-endpoint style-scope yt-formatted-string"" dir=""auto"" href=""/hashtag/cookie"" spellcheck=""false"">#Cookie</a><span class=""style-scope yt-formatted-string"" dir=""auto"">​</span><span class=""style-scope yt-formatted-string"" dir=""auto""> Jar' MV</span>",36740024
About Love,583521
Aitai-tai,54910
All Right,537418
Attaboy,488384
Bad Boy ((English Version) [Bonus Track]),1388279
Bad Dracula,331473
Blue Lemonade,2495755
Body Talk,420405
Butterflies,1430086
Campfire,305927
Cause it's you,24878
Cool Hot Sweet Love,399379
Cool World,343613
Day 1,601315
Diamond,374141
Don't U Wait No More,259747
Dumb Dumb,115286
Feel Good,679557
Fool,298355
Happily Ever After,526076
Hit That Drum,702927
Huff n Puff,466911
In &amp; Out,3576836
Jelly,422238
Jumpin’,615717
Kingdom Come,1861510
LP,1207739
La Rouge (Special Track),885825
Ladies Night,783544
Lady's Room,265490
Light Me Up,224012
Little Little,834566
Love Is The Way,845606
Lucky Girl,618174
Milky Way,1470599
Milky Way (Instrumental),40577
Mosquito,471177
Mr. E,545912
My Dear,457780
Oh Boy,1684489
Perfect 10,458529
Red Dress,454395
Red Velvet - IRENE &amp; SEULGI 'Monster' MV,91562705
"Red Velvet - IRENE &amp; SEULGI Episode 1 ""놀이 (Naughty)""",13308026
"Red Velvet - IRENE &amp; SEULGI Episode 3 ""Uncover (Sung by SEULGI)""",2125784
Red Velvet レッドベルベッド ‘SAPPY’ MV,39599565
Red Velvet 레드벨벳 '7월 7일 (One Of These Nights)' MV,26945600
Red Velvet 레드벨벳 'Automatic' MV,25387656
Red Velvet 레드벨벳 'Bad Boy' MV,310294194
Red Velvet 레드벨벳 'Be Natural (feat. SR14B TAEYONG (태용)) MV,29700857
Red Velvet 레드벨벳 'Dumb Dumb' MV,138904966
Red Velvet 레드벨벳 'I Just' MV,12143447
Red Velvet 레드벨벳 'Ice Cream Cake' MV,124544706
Red Velvet 레드벨벳 'Milkshake' Special Video @'inteRView vol.5' with ReVeluv,8889968
Red Velvet 레드벨벳 'Power Up' MV,333314306
Red Velvet 레드벨벳 'Psycho' MV,255324289
Red Velvet 레드벨벳 'RBB (Really Bad Boy)' MV,132048578
Red Velvet 레드벨벳 'Rookie' MV,69379614
Red Velvet 레드벨벳 '러시안 룰렛 (Russian Roulette)' MV,395654765
Red Velvet 레드벨벳 '봐 (Look)' Dance Practice,14682176
Red Velvet 레드벨벳 '빨간 맛 (Red Flavor)' MV,342697626
Red Velvet 레드벨벳 '음파음파 (Umpah Umpah)' MV,85060110
Red Velvet 레드벨벳 '짐살라빔 (Zimzalabim)' MV,173797823
Red Velvet 레드벨벳 '피카부 (Peek-A-Boo)' MV,590718169
Red Velvet 레드벨벳 '행복 (Happiness)' MV,102457419
Red Velvet 레드벨벳_The Red Summer Memories,862097
Remember Forever,801165
Rookie (Japanese Version),25218
Sayonara,63594
See the stars (어떤 별보다),953650
See the stars (어떤 별보다) (Inst.),13956
So Good,1457029
Some Love,331090
Somethin Kinda Crazy,403752
Stupid Cupid,236819
Sunny Afternoon,391533
Sunny Side Up!,3585004
Swimming Pool,66968
Take It Slow,330810
Talk To Me,1347289
Taste,323883
Time Slip,353175
Time To Love,588539
Would U (Instrumental),62149
You Better Know,2078515
Zoo,1843112
[MV] Red Velvet (레드벨벳) - 미래 [스타트업 OST Part.1 (START-UP OST Part.1)],11596533
[STATION] Red Velvet 레드벨벳 'Would U' MV,13401395
[STATION] Red Velvet 레드벨벳 '환생 (Rebirth)' MV,8238793
[Winter Garden League 수상작] Red Velvet 레드벨벳 '세가지 소원 (Wish Tree)' MV,1099640
너에게 원한건,105344
"눈 맞추고, 손 맞대고 Eyes Locked, Hands Locked",911231
달빛 소리 Moonlight Melody,562074
두 번째 데이트 My Second Date,678358
마지막 사랑 Last Love,282239
멋있게 (Sassy Me),902777
사탕 Candy,577984
"안녕, 여름 Parade",711421
여름빛 Mojito,405056
여시주의 Yossism,42083
장미꽃 향기는 바람에 날리고 Rose Scent Breeze,197813
처음인가요 First Time,189663
친구가 아냐 Bing Bing,741585
카풀 Carpool,806030
한 여름의 크리스마스 (With You),504167
환생 Rebirth (Instrumental),27598
